{"4fri_11": [0.0, 17.24866, 8.53874, 16.7027, 28.78918, 26.64682, 6.36396], "4fri_12": [0.0, 6.59278, 28.153200000000005, 5.49012, 32.72974000000001, 9.762179999999999, 13.641459999999999], "4fri_13": [0.0, 0.0, 0.2937, 0.0, 0.0, 0.0], "4fri_14": [0.0, 0.0, 0.0, 0.0, 0.0, 0.0], "4fri_15": [0.0, 0.0, 0.0, 0.0, 0.0, 0.0], "4fri_16": [0.0, 0.0, 0.0, 0.0, 0.0, 0.0], "4fri_17": [0.0, 0.0, 0.0, 0.0, 0.0, 0.0], "4fri_18": [0.0, 0.0, 0.0, 0.0, 0.0, 0.0], "4fri_19": [0.0, 0.0, 0.0, 0.0, 0.0, 0.0], "4fri_20": [0.0, 0.0, 0.0, 0.0, 0.0, 0.0], "4fri_21": [0.0, 0.0, 0.0, 0.0, 0.0, 0.0], "4fri_22": [0.0, 0.0, 0.0, 0.0, 0.0, 0.0], "4fri_23": [0.0, 0.0, 0.0, 0.0, 0.0, 0.0], "5sat_00": [0.0, 0.0, 0.0, 0.0, 0.0, 0.0], "5sat_01": [0.0, 0.0, 0.0, 0.0, 0.0, 0.0], "5sat_02": [0.0, 0.0, 14.708120000000001, 13.45226, 0.0, 0.0], "5sat_03": [0.0, 0.0, 0.0, 0.0, 1.59098, 10.8216], "5sat_04": [0.0, 0.0, 0.0, 2.64684, 0.0, 0.0072], "5sat_05": [0.0, 0.0, 4.35674, 3.13334, 13.95496, 10.982000000000001], "5sat_06": [1.8612600000000001, 0.0, 0.0, 0.0, 0.0, 0.0], "5sat_07": [3.4991000000000003, 0.0, 18.49006, 3.74232, 0.0, 0.0], "5sat_08": [0.0, 9.85768, 10.192820000000001, 0.0, 0.0, 11.209], "5sat_09": [5.754959999999999, 8.49548, 0.0, 3.72612, 0.0, 17.913500000000003], "5sat_10": [39.53874, 6.2270199999999996, 33.80542, 29.69552, 13.24322, 0.0], "5sat_11": [21.246859999999998, 12.58558, 15.7081, 35.83784, 29.83422, 6.32434], "5sat_12": [26.342360000000003, 13.913519999999998, 7.96758, 17.245040000000003, 28.127919999999996, 5.59278], "5sat_13": [3.42342, 10.94594, 0.0, 0.0, 2.91352, 0.0], "5sat_14": [0.0, 0.0, 0.0, 0.0, 0.0, 0.0], "5sat_15": [0.0, 0.0, 0.0, 0.0, 0.0, 0.0], "5sat_16": [0.0, 0.0, 0.0, 0.0, 0.0, 0.0], "5sat_17": [0.0, 0.0, 0.0, 0.0, 0.0, 0.0], "5sat_18": [0.0, 0.0, 0.0, 0.0, 0.0, 0.0], "5sat_19": [0.0, 0.0, 0.0, 0.0, 0.0, 0.0], "5sat_20": [0.0, 0.0, 0.0, 0.0, 0.0, 0.0], "5sat_21": [0.0, 0.0, 0.0, 0.0, 0.0, 0.0], "5sat_22": [0.0, 0.0, 0.0, 0.0, 0.0, 0.0], "5sat_23": [0.0, 0.0, 0.0, 0.0, 0.0, 0.0], "6sun_00": [0.0, 0.0, 0.0, 0.0, 0.0, 0.0], "6sun_01": [0.0, 0.0, 0.0, 0.0, 0.0, 0.0], "6sun_02": [0.0, 2.45946, 1.47928, 16.538740000000004, 11.60362, 10.92612], "6sun_03": [0.0, 0.0, 11.23242, 0.0, 0.0, 0.0], "6sun_04": [0.0, 2.80362, 0.0, 0.0, 0.0, 0.0], "6sun_05": [5.12792, 0.0, 10.7009, 0.0, 16.13334, 0.0], "6sun_06": [12.55496, 0.0, 13.92072, 0.0, 20.163959999999996, 22.07208], "6sun_07": [0.0, 0.0, 18.902699999999996, 0.0, 13.02166, 6.12792], "6sun_08": [29.551360000000003, 9.81262, 29.83064, 2.4036, 0.0, 0.0], "6sun_09": [25.4901, 28.409000000000002, 32.7621, 4.18018, 18.841459999999998, 7.27748], "6sun_10": [56.522580000000005, 23.97656, 12.571179999999998, 50.96574, 19.154940000000003, 21.951320000000003], "6sun_11": [29.11894, 20.05042, 9.09188, 16.16214, 37.78738, 3.8612599999999997], "6sun_12": [15.713559999999998, 10.648620000000001, 6.37658, 2.54054, 13.079279999999999, 2.05224], "6sun_13": [0.0, 3.01802, 0.0, 0.0, 11.8883, 0.0], "6sun_14": [0.0, 0.0, 0.0, 0.0, 0.0, 0.0], "6sun_15": [0.0, 0.0, 0.0, 0.0, 0.0, 0.0], "6sun_16": [0.0, 0.0, 0.0, 0.0, 0.0, 0.0], "6sun_17": [0.0, 0.0, 0.0, 0.0, 0.0, 0.0], "6sun_18": [0.0, 0.0, 0.0, 0.0, 0.0, 0.0], "6sun_19": [0.0, 0.0, 0.0, 0.0, 0.0, 0.0], "6sun_20": [0.0, 0.0, 0.0, 0.0, 0.0, 0.0], "6sun_21": [0.0, 0.0, 0.0, 0.0, 0.0, 0.0], "6sun_22": [0.0, 0.0, 0.0, 0.0, 0.0, 0.0], "6sun_23": [0.0, 0.0, 0.0, 0.0, 0.0, 0.0], "0mon_00": [0.0, 0.0, 0.0, 0.0, 0.0, 0.0], "0mon_01": [0.0, 0.0, 0.0, 0.0, 0.0, 0.0], "0mon_02": [0.0, 10.668460000000001, 2.92072, 0.0, 0.0, 0.0], "0mon_03": [0.0, 0.0, 2.07206, 9.25224, 4.31532, 0.0], "0mon_04": [0.0, 0.0, 0.0, 0.0, 2.72794, 0.0], "0mon_05": [10.27206, 0.0, 0.0, 0.0, 11.679260000000001, 0.0], "0mon_06": [5.54234, 1.81982, 12.075680000000002, 10.54954, 0.0, 0.0], "0mon_07": [0.0036, 0.0, 0.0, 6.409020000000001, 0.0, 3.45046], "0mon_08": [19.13698, 2.56218, 2.41802, 0.0, 3.6036, 0.0], "0mon_09": [8.27928, 11.50092, 1.86848, 10.95678, 1.01802, 6.8018], "0mon_10": [19.410839999999997, 29.52252, 20.4829, 16.268459999999997, 21.48468, 23.003580000000003], "0mon_11": [41.839600000000004, 18.601819999999996, 18.45586, 13.412579999999998, 6.37836, 15.488279999999998], "0mon_12": [22.210779999999996, 12.526120000000002, 21.67744, 4.42342, 0.0, 14.3856], "0mon_13": [2.12792, 1.44864, 0.0, 11.38742, 0.0, 0.0], "0mon_14": [0.0, 0.0, 0.0, 0.0, 0.0, 0.0], "0mon_15": [0.0, 0.0, 0.0, 0.0, 0.0, 0.0], "0mon_16": [0.0, 0.0, 0.0, 0.0, 0.0, 0.0], "0mon_17": [0.0, 0.0, 0.0, 0.0, 0.0, 0.0], "0mon_18": [0.0, 0.0, 0.0, 0.0, 0.0, 0.0], "0mon_19": [0.0, 0.0, 0.0, 0.0, 0.0, 0.0], "0mon_20": [0.0, 0.0, 0.0, 0.0, 0.0, 0.0], "0mon_21": [0.0, 0.0, 0.0, 0.0, 0.0, 0.0], "0mon_22": [0.0, 0.0, 0.0, 0.0, 0.0, 0.0], "0mon_23": [0.0, 0.0, 0.0, 0.0, 0.0, 0.0], "1tue_00": [0.0, 0.0, 0.0, 0.0, 0.0, 0.0], "1tue_01": [0.6702600000000001, 7.3081000000000005, 0.0, 0.0, 8.03602, 0.0], "1tue_02": [27.574759999999998, 0.0, 13.83782, 2.15856, 12.018020000000002, 0.0], "1tue_03": [0.0, 0.0, 6.75856, 0.0, 1.61982, 8.24684], "1tue_04": [0.0, 3.03962, 0.0, 0.0, 0.0, 3.58378], "1tue_05": [13.04142, 6.55314, 11.470299999999998, 1.5099, 0.0, 5.78918], "1tue_06": [0.55856, 12.594619999999999, 2.03424, 0.0, 2.41802, 0.0], "1tue_07": [1.5585600000000002, 4.56576, 0.0, 0.0, 0.0, 0.0], "1tue_08": [14.061259999999999, 3.14594, 10.41442, 11.21984, 0.0, 2.16216], "1tue_09": [14.825199999999999, 0.0, 3.01082, 48.66123999999999, 23.84864, 0.0], "1tue_10": [4.317119999999999, 24.886499999999998, 13.9802, 22.974800000000005, 15.97298, 25.67928], "1tue_11": [7.4018, 26.277519999999996, 11.810820000000001, 22.61258, 5.720739999999999, 19.87746], "1tue_12": [14.86668, 17.31352, 15.190999999999999, 8.94234, 10.967559999999999, 8.11712], "1tue_13": [0.0, 3.9459600000000004, 0.62162, 1.46668, 0.0, 0.0], "1tue_14": [0.0, 0.0, 0.0, 0.0, 0.0, 0.0], "1tue_15": [0.0, 0.0, 0.0, 0.0, 0.0, 0.0], "1tue_16": [0.0, 0.0, 0.0, 0.0, 0.0, 0.0], "1tue_17": [0.0, 0.0, 0.0, 0.0, 0.0, 0.0], "1tue_18": [0.0, 0.0, 0.0, 0.0, 0.0, 0.0], "1tue_19": [0.0, 0.0, 0.0, 0.0, 0.0, 0.0], "1tue_20": [0.0, 0.0, 0.0, 0.0, 0.0, 0.0], "1tue_21": [0.0, 0.0, 0.0, 0.0, 0.0, 0.0], "1tue_22": [0.0, 0.0, 0.0, 0.0, 0.0, 0.0], "1tue_23": [0.0, 0.0, 0.0, 0.0, 0.0, 0.0], "2wed_00": [0.0, 0.0, 0.0, 0.0036, 0.0, 0.0], "2wed_01": [0.0, 0.0, 0.0, 0.0, 25.36214, 0.0], "2wed_02": [0.0, 10.248660000000001, 0.0, 0.0, 0.0, 0.0], "2wed_03": [0.0, 2.70992, 0.0, 1.4054, 8.93152, 0.0], "2wed_04": [0.0, 13.44502, 0.0, 14.09728, 0.0, 0.0], "2wed_05": [1.68648, 0.0, 2.3243400000000003, 0.0036, 2.24866, 0.0], "2wed_06": [0.0, 1.41802, 30.735100000000003, 0.0, 5.873880000000001, 0.0], "2wed_07": [7.85044, 0.0, 0.0, 0.0, 0.0, 0.0], "2wed_08": [11.02342, 27.41266, 0.0, 13.753160000000001, 12.06126, 19.74412], "2wed_09": [15.545919999999999, 18.19098, 16.974779999999996, 15.07928, 0.0, 0.0], "2wed_10": [32.82348, 2.8774800000000003, 0.0, 19.2072, 19.178379999999997, 14.30454], "2wed_11": [40.36400000000001, 27.477459999999997, 29.52432, 19.2793, 28.735080000000004, 28.124320000000004], "2wed_12": [11.385599999999998, 4.84144, 8.55674, 14.109919999999999, 4.07208, 5.27566], "2wed_13": [0.0, 1.71172, 2.5045, 0.0, 0.0, 0.0], "2wed_14": [0.0, 0.0, 0.0, 0.0, 0.0, 0.0], "2wed_15": [0.0, 0.0, 0.0, 0.0, 0.0, 0.0], "2wed_16": [0.0, 0.0, 0.0, 0.0, 0.0, 0.0], "2wed_17": [0.0, 0.0, 0.0, 0.0, 0.0, 0.0], "2wed_18": [0.0, 0.0, 0.0, 0.0, 0.0, 0.0], "2wed_19": [0.0, 0.0, 0.0, 0.0, 0.0, 0.0], "2wed_20": [0.0, 0.0, 0.0, 0.0, 0.0, 0.0], "2wed_21": [0.0, 0.0, 0.0, 0.0, 0.0, 0.0], "2wed_22": [0.0, 0.0, 0.0, 0.0, 0.0, 0.0], "2wed_23": [0.0, 0.0, 0.0, 0.0, 0.0, 0.0], "3thu_00": [0.0, 0.0, 0.0, 0.0, 0.0, 0.0], "3thu_01": [0.0, 0.0, 0.0, 0.0, 0.0, 0.0], "3thu_02": [0.0, 0.0, 11.745959999999997, 1.9279199999999999, 0.0, 0.0], "3thu_03": [0.0, 10.554940000000002, 1.5982, 0.0, 0.0, 0.0], "3thu_04": [0.0, 0.0, 2.6846799999999997, 2.40362, 0.0, 2.28108], "3thu_05": [6.06668, 1.77298, 7.055860000000001, 1.41442, 2.7225200000000003, 0.0],